pk_sighting_id,total_mantas,linked_manta_count,sighting_date,island,sitelocation,photographer,population,is_mprf
"5066","","1","2018-06-09","Maui","Honolua Bay","Mark Deakos","Maui Nui","false"
"5855","","2","2023-05-21","Oahu","Kaneohe Bay","Mark Royer","Oahu","false"
"5885","","3","2023-07-26","Oahu","Electric Beach","Relaxing Tropics","Oahu","false"
"5015","","1","2018-01-26","Maui","Olowalu","Mark Deakos","Maui Nui","false"
"5061","","1","2018-04-15","Maui","Wailea point","Mark Deakos","Maui Nui","false"
"5013","","1","2018-01-24","Maui","Wailea point","Mark Deakos","Maui Nui","false"
"5078","","1","2018-07-01","Maui","Honolua Bay","Mark Deakos","Maui Nui","false"
"5079","","2","2018-07-02","Maui","Honolua Bay","Mark Deakos","Maui Nui","false"
"5028","","2","2018-01-31","Maui","Wailea point","Mark Deakos","Maui Nui","false"
"5492","","3","2019-11-08","Oahu","Kaneohe Bay","Julieene Aulwes","Oahu","false"
"5875","","2","2023-10-06","Oahu","Kaneohe Bay","Corey Nevels","Oahu","false"
"5780","","1","2022-11-27","Oahu","Kaneohe Bay","Mark Deakos","Oahu","false"
"5772","","1","2022-10-19","Oahu","Electric Beach","Jacob","Oahu","false"
"5149","","1","2019-06-29","Maui","Honolua Bay","Don McLeish","Maui Nui","false"
"5151","","1","2019-08-28","Maui","Honolua Bay","Mark Deakos","Maui Nui","false"
"5787","","1","2022-12-02","Oahu","Magic Island","Sunshine Scuba","Oahu","false"
"5557","","1","2020-10-11","Niihau","Niihau","Tara Leoda","Kauai","false"
"5007","","1","2018-01-05","Maui","La Perouse","Jamey Kleinhenz","Maui Nui","false"
"5541","","1","2020-07-30","Maui","Maluaka","Susan O'Shaughnessy","Maui Nui","false"
"5000","","1","2018-01-06","Maui","Turtle Arches","Mark Deakos","Maui Nui","false"
"5074","","1","2018-06-23","Maui","Honolua Bay","Don McLeish","Maui Nui","false"
"5031","","1","2018-02-13","Maui","","Mark Deakos","Maui Nui","false"
"5174","","1","2020-03-06","Maui","Molokini","Tiffany Morgan","Maui Nui","false"
"5171","","1","2020-02-19","Maui","Makena Landing","Ted Wolfrum","Maui Nui","false"
"5215","","2","2019-02-23","Maui","Wailea point","Mark Deakos","Maui Nui","false"
"5333","","1","2015-07-11","Maui","Honolua Bay","Manta Pacific Catalog","Maui Nui","false"
"5336","","1","2015-08-09","Maui","Honolua Bay","Manta Pacific Catalog","Maui Nui","false"
"5346","","1","2017-05-30","Maui","Honolua Bay","Manta Pacific Catalog","Maui Nui","false"
"5355","","1","2018-03-03","Maui","Makena Reef","Manta Pacific Catalog","Maui Nui","false"
"5265","","1","2006-03-01","Maui","Molokini","Manta Pacific Catalog","Maui Nui","false"
"5324","","1","2008-10-04","Maui","Molokini","Manta Pacific Catalog","Maui Nui","false"
"5315","","1","2006-03-01","Maui","Ukumehame","Manta Pacific Catalog","Maui Nui","false"
"5378","","1","2018-08-13","Oahu","Haleiwa","Mark Mohler","Oahu","false"
"5374","","1","2016-11-06","Oahu","Lanai Lookout","Mark Mohler","Oahu","false"
"5473","","5","2020-08-08","Big Island","Mauna Kea Hotel","Mark Deakos","Big Island","false"
"5474","","1","2020-08-09","Big Island","Keahou Bay","Mark Deakos","Big Island","false"
"5475","","7","2020-08-09","Big Island","Pu'Ukala Point","Mark Deakos","Big Island","false"
"5362","","1","2006-12-24","Oahu","Hanauma Bay","","Oahu","false"
"5477","","2","2020-08-10","Big Island","Keahou Bay","Mark Deakos","Big Island","false"
"5479","","1","2020-09-22","Maui","Ulua Point","Tess Patalano","Maui Nui","false"
"5480","","1","2020-09-22","Oahu","Pupukea","Julieene Aulwes","Oahu","false"
"5481","","1","2020-09-11","Oahu","Pupukea","Julieene Aulwes","Oahu","false"
"5482","","1","2020-09-11","Oahu","Pupukea","Julieene Aulwes","Oahu","false"
"5483","","1","2020-08-30","Oahu","Pupukea","Julieene Aulwes","Oahu","false"
"5484","","1","2020-09-23","Oahu","Pupukea","Julieene Aulwes","Oahu","false"
"5485","","2","2020-08-27","Oahu","Pupukea","Julieene Aulwes","Oahu","false"
"5486","","3","2020-08-26","Oahu","Pupukea","Julieene Aulwes","Oahu","false"
"5500","","1","2020-07-21","Oahu","Pupukea","Julieene Aulwes","Oahu","false"
"5546","","3","2020-08-15","Maui","Makena Landing","B & A ","Maui Nui","false"
"5487","","1","2020-08-25","Oahu","Pupukea","Julieene Aulwes","Oahu","false"
"5489","","1","2020-08-23","Oahu","Pupukea","Julieene Aulwes","Oahu","false"
"5490","","2","2020-08-21","Oahu","Pupukea","Julieene Aulwes","Oahu","false"
"5491","","1","2018-08-01","Oahu","Pupukea","Julieene Aulwes","Oahu","false"
"5495","","1","2020-06-11","Oahu","Pupukea","Julieene Aulwes","Oahu","false"
"5496","","1","2020-06-20","Oahu","Pupukea","Julieene Aulwes","Oahu","false"
"5497","","2","2020-06-23","Oahu","Pupukea","Julieene Aulwes","Oahu","false"
"5555","","1","2020-11-30","Kauai","Poipu","Tara Leoda","Kauai","false"
"5630","","1","2020-10-01","Maui","Sugar Beach","B & A ","Maui Nui","false"
"5498","","2","2020-07-03","Oahu","Pupukea","Julieene Aulwes","Oahu","false"
"5501","","1","2020-07-04","Oahu","Pupukea","Julieene Aulwes","Oahu","false"
"5502","","1","2020-08-19","Oahu","Pupukea","Julieene Aulwes","Oahu","false"
"5503","","2","2020-08-09","Oahu","Pupukea","Relaxing Tropics","Oahu","false"
"5504","","1","2020-08-18","Oahu","Pupukea","Relaxing Tropics","Oahu","false"
"5505","","1","2020-08-10","Oahu","Pupukea","Julieene Aulwes","Oahu","false"
"5507","","1","2020-12-03","Oahu","Hanauma Bay","Julieene Aulwes","Oahu","false"
"5512","","2","2020-08-09","Oahu","Pupukea","Kathleen Rose","Oahu","false"
"5533","","1","2020-09-08","Oahu","Pupukea","Todd Jackson","Oahu","false"
"5539","","1","2020-07-27","Maui","Makena Landing","Ted Wolfrum","Maui Nui","false"
"5540","","1","2020-07-30","Maui","Makena Landing","Ted Wolfrum","Maui Nui","false"
"5526","","1","2020-08-28","Oahu","Waimea Bay","Pat Goding","Oahu","false"
"5537","","1","2010-02-19","Oahu","Lanai Lookout","Blade Shepherd-Jones","Oahu","false"
"5538","","1","2020-12-18","Oahu","Point Panic","Julieene Aulwes","Oahu","false"
"5521","","1","2020-08-21","Oahu","Turtle Canyon","Ariel Harperin","Oahu","false"
"5536","","1","2017-09-16","Oahu","Makua Beach","Blade Shepherd-Jones","Oahu","false"
"5547","","1","2020-08-29","Maui","Makena Landing","Ted Wolfrum","Maui Nui","false"
"5548","","1","2020-10-03","Maui","Makena Landing","Ted Wolfrum","Maui Nui","false"
"5549","","1","2020-10-08","Maui","Wailea point","Bo Blinski","Maui Nui","false"
"5566","","1","2020-08-16","Maui","Honolua Bay","Don McLeish","Maui Nui","false"
"5572","","1","2020-08-17","Maui","Honolua Bay","Don McLeish","Maui Nui","false"
"5573","","1","2020-08-18","Maui","Honolua Bay","Don McLeish","Maui Nui","false"
"5575","","1","2021-04-24","Maui","","Bo Blinski","Maui Nui","false"
"5577","","1","2021-07-27","Oahu","Pupukea","Relaxing Tropics","Oahu","false"
"5578","","1","2021-08-03","Oahu","Pupukea","Relaxing Tropics","Oahu","false"
"5579","","1","2021-08-05","Oahu","Pupukea","Relaxing Tropics","Oahu","false"
"5580","","3","2021-08-04","Oahu","Pupukea","Relaxing Tropics","Oahu","false"
"5629","","1","2020-10-01","Maui","Ulua Point","Ted Wolfrum","Maui Nui","false"
"5551","","1","2017-05-29","Niihau","Niihau","Julie Gardner","Kauai","false"
"5582","","3","2021-08-09","Oahu","Pupukea","Relaxing Tropics","Oahu","false"
"5583","","3","2021-08-10","Oahu","Pupukea","Relaxing Tropics","Oahu","false"
"5584","","1","2021-08-20","Oahu","Pupukea","Relaxing Tropics","Oahu","false"
"5585","","1","2021-08-21","Oahu","Pupukea","Relaxing Tropics","Oahu","false"
"5586","","1","2021-08-22","Oahu","Pupukea","Relaxing Tropics","Oahu","false"
"5587","","1","2021-08-26","Oahu","Pupukea","Relaxing Tropics","Oahu","false"
"5588","","1","2021-09-02","Oahu","Pupukea","Relaxing Tropics","Oahu","false"
"5955","","2","2025-10-25","Hawaii","Two Step","ProofUser","Oahu","false"
"5589","","2","2021-09-04","Oahu","Pupukea","Relaxing Tropics","Oahu","false"
"5590","","1","2021-09-05","Oahu","Pupukea","Relaxing Tropics","Oahu","false"
"5592","","1","2021-09-06","Oahu","Pupukea","Relaxing Tropics","Oahu","false"
"5593","","2","2021-09-16","Oahu","Pupukea","Relaxing Tropics","Oahu","false"
"5594","","2","2021-09-18","Oahu","Pupukea","Relaxing Tropics","Oahu","false"
"5595","","1","2021-09-20","Oahu","Pupukea","Relaxing Tropics","Oahu","false"
"5596","","2","2021-09-16","Oahu","Pupukea","Relaxing Tropics","Oahu","false"
"5597","","4","2021-09-07","Oahu","Pupukea","Relaxing Tropics","Oahu","false"
"5601","","2","2017-02-01","Kauai","Alertons Beach","Elijah Aasand","Kauai","false"
"5606","","1","2008-11-26","Maui","Wailea point","Bo Blinski","Maui Nui","false"
"5607","","1","2009-05-09","Maui","Wailea point","Bo Blinski","Maui Nui","false"
"5608","","1","2009-05-26","Maui","Wailea point","Bo Blinski","Maui Nui","false"
"5610","","1","2009-05-31","Maui","Wailea point","Bo Blinski","Maui Nui","false"
"5611","","1","2009-07-02","Maui","Wailea point","Bo Blinski","Maui Nui","false"
"5612","","1","2010-03-10","Maui","Wailea point","Bo Blinski","Maui Nui","false"
"5613","","1","2011-03-14","Maui","Wailea point","Bo Blinski","Maui Nui","false"
"5614","","1","2011-03-25","Maui","Wailea point","Bo Blinski","Maui Nui","false"
"5615","","3","2013-01-24","Maui","Wailea point","Bo Blinski","Maui Nui","false"
"5616","","1","2013-05-09","Maui","Wailea point","Bo Blinski","Maui Nui","false"
"5617","","1","2014-05-13","Maui","Wailea point","Bo Blinski","Maui Nui","false"
"5619","","1","2015-03-09","Maui","Wailea point","Bo Blinski","Maui Nui","false"
"5620","","1","2015-03-22","Maui","Wailea point","Bo Blinski","Maui Nui","false"
"5621","","1","2016-10-13","Maui","Wailea point","Bo Blinski","Maui Nui","false"
"5622","","1","2017-01-05","Maui","Wailea point","Bo Blinski","Maui Nui","false"
"5623","","1","2018-03-10","Maui","Wailea point","Bo Blinski","Maui Nui","false"
"5624","","1","2019-07-29","Lanai","Shipwreck Beach","Jacob Asher","Maui Nui","false"
"5638","","1","2020-11-01","Maui","Kam Beach","B & A ","Maui Nui","false"
"5640","","2","2020-12-06","Maui","Ulua Point"," Bo Blinski","Maui Nui","false"
"5001","","1","2017-12-17","Maui","Wailea Point","Mark Deakos","Maui Nui","false"
"5002","","1","2017-12-24","Maui","Wailea point","Mark Deakos","Maui Nui","false"
"5642","","2","2021-01-06","Maui","","Eden Zang","Maui Nui","false"
"5644","","2","2021-01-17","Oahu","Kaneohe Bay","Lauren Jaramillo","Oahu","false"
"5645","","1","2021-01-29","Maui","Sugar Beach","B & A ","Maui Nui","false"
"5655","","1","2021-06-04","Oahu","Pupukea","Relaxing Tropics","Oahu","false"
"5657","","1","2021-07-10","Oahu","Pupukea","Erik Hanson","Oahu","false"
"5658","","1","2021-07-14","Oahu","Pupukea","Jon @ Relaxing Tropics","Oahu","false"
"5659","","2","2021-07-17","Oahu","Pupukea","Relaxing Tropics","Oahu","false"
"5670","","1","2021-09-17","Oahu","Pupukea","Corey Nevels","Oahu","false"
"5635","","3","2020-10-21","Maui","Mana Kai","B & A ","Maui Nui","false"
"5634","","3","2020-10-21","Maui","Palauea","Hannah Pittore","Maui Nui","false"
"5636","","1","2020-10-27","Maui","Palauea","B & A ","Maui Nui","false"
"5649","","2","2021-03-02","Oahu","Electric Beach","Diana Kramer","Oahu","false"
"5656","","1","2021-06-26","Oahu","Electric Beach","Dano Hi","Oahu","false"
"5660","","6","2021-07-19","Oahu","Pupukea","Relaxing Tropics","Oahu","false"
"5661","","3","2021-07-20","Oahu","Pupukea","Relaxing Tropics","Oahu","false"
"5662","","1","2021-07-21","Oahu","Pupukea","Relaxing Tropics","Oahu","false"
"5663","","3","2021-07-22","Oahu","Pupukea","Relaxing Tropics","Oahu","false"
"5664","","4","2021-07-23","Oahu","Pupukea","Relaxing Tropics","Oahu","false"
"5666","","2","2021-08-06","Oahu","Pupukea","Relaxing Tropics","Oahu","false"
"5667","","2","2021-08-07","Oahu","Pupukea","Relaxing Tropics","Oahu","false"
"5671","","1","2021-09-20","Maui","Sugar Beach","Bruce","Maui Nui","false"
"5673","","1","2021-11-20","Maui","Maalaea Harbor","Karolle Wall","Maui Nui","false"
"5003","","1","2017-12-29","Maui","Wailea Point","Mark Deakos","Maui Nui","false"
"5006","","1","2018-01-05","Maui","Wailea Point","Mark Deakos","Maui Nui","false"
"5674","","1","2021-12-15","Maui","Lahaina","Darlene Gomes","Maui Nui","false"
"5668","","2","2021-08-30","Niihau","Niihau","Julie Gardner","Kauai","false"
"5704","","2","2022-07-27","Maui","Olowalu","Mark Deakos","Maui Nui","false"
"5728","","1","2022-06-28","Oahu","Pupukea","Relaxing Tropics","Oahu","false"
"5694","","1","2022-03-22","Oahu","Ala Wai","Alex Burr","Oahu","false"
"5724","","1","2022-06-02","Oahu","Pupukea","Relaxing Tropics","Oahu","false"
"5725","","2","2022-06-12","Oahu","Pupukea","Relaxing Tropics","Oahu","false"
"5726","","1","2022-06-13","Oahu","Pupukea","Relaxing Tropics","Oahu","false"
"5727","","1","2022-06-24","Oahu","Pupukea","Relaxing Tropics","Oahu","false"
"5878","","1","2023-10-16","Oahu","Magic Island","Sunshine scuba","Oahu","false"
"5009","","1","2018-01-19","Maui","Wailea point","Mark Deakos","Maui Nui","false"
"5011","","2","2018-01-21","Maui","Wailea point","Mark Deakos","Maui Nui","false"
"5025","","1","2018-04-04","Maui","Olowalu","Mark Deakos","Maui Nui","false"
"5720","","1","2022-05-24","Oahu","Pupukea","Relaxing Tropics","Oahu","false"
"5008","","1","2018-01-09","Maui","Pali Lookout","Mark Deakos","Maui Nui","false"
"5721","","1","2022-05-27","Oahu","Pupukea","Relaxing Tropics","Oahu","false"
"5736","","1","2022-07-13","Oahu","Pupukea","Relaxing Tropics","Oahu","false"
"5722","","1","2022-05-28","Oahu","Pupukea","Relaxing Tropics","Oahu","false"
"5723","","1","2022-06-01","Oahu","Pupukea","Relaxing Tropics","Oahu","false"
"5738","","2","2022-07-23","Oahu","Pupukea","Relaxing Tropics","Oahu","false"
"5026","","1","2018-02-11","Maui","Wailea point","Mark Deakos","Maui Nui","false"
"5030","","1","2018-02-12","Maui","Wailea point","Mark Deakos","Maui Nui","false"
"5729","","1","2022-07-02","Oahu","Pupukea","Relaxing Tropics","Oahu","false"
"5730","","1","2022-07-03","Oahu","Pupukea","Relaxing Tropics","Oahu","false"
"5731","","1","2022-07-06","Oahu","Pupukea","Relaxing Tropics","Oahu","false"
"5732","","1","2022-07-08","Oahu","Pupukea","Relaxing Tropics","Oahu","false"
"5733","","3","2022-07-10","Oahu","Pupukea","Relaxing Tropics","Oahu","false"
"5734","","1","2022-07-11","Oahu","Pupukea","Relaxing Tropics","Oahu","false"
"5032","","1","2018-02-14","Maui","Wailea Point","Mark Deakos","Maui Nui","false"
"5033","","1","2018-02-17","Maui","Wailea Point","Mark Deakos","Maui Nui","false"
"5034","","1","2018-02-19","Maui","Wailea point","Mark Deakos","Maui Nui","false"
"5735","","2","2022-07-12","Oahu","Pupukea","Relaxing Tropics","Oahu","false"
"5739","","4","2022-07-24","Oahu","Pupukea","Relaxing Tropics","Oahu","false"
"5741","","1","2022-07-26","Oahu","Pupukea","Relaxing Tropics","Oahu","false"
"5742","","1","2022-07-27","Oahu","Pupukea","Relaxing Tropics","Oahu","false"
"5035","","1","2018-02-20","Maui","Wailea point","Mark Deakos","Maui Nui","false"
"5089","","1","2018-07-09","Maui","Honolua Bay","Mark Deakos","Maui Nui","false"
"5096","","1","2018-08-05","Maui","Wailea point","Mark Deakos","Maui Nui","false"
"5743","","1","2022-08-01","Oahu","Pupukea","Relaxing Tropics","Oahu","false"
"5745","","1","2022-08-06","Oahu","Pupukea","Relaxing Tropics","Oahu","false"
"5631","","1","2020-10-02","Maui","Ulua Point","Ted Wolfrum","Maui Nui","false"
"5746","","1","2022-08-09","Oahu","Pupukea","Relaxing Tropics","Oahu","false"
"5747","","2","2022-08-10","Oahu","Pupukea","Relaxing Tropics","Oahu","false"
"5748","","1","2022-08-20","Oahu","Pupukea","Relaxing Tropics","Oahu","false"
"5458","","1","2015-06-26","Big Island","Keahou Bay","Mark Deakos","Big Island","false"
"5317","","1","2006-12-28","Maui","Makena Reef","Manta Pacific Catalog","Maui Nui","false"
"5749","","1","2022-08-27","Oahu","Pupukea","Relaxing Tropics","Oahu","false"
"5750","","3","2022-08-28","Oahu","Pupukea","Relaxing Tropics","Oahu","false"
"5752","","2","2022-09-02","Oahu","Pupukea","Relaxing Tropics","Oahu","false"
"5755","","2","2022-07-25","Oahu","Pupukea","Corey Nevels","Oahu","false"
"5756","","1","2022-08-03","Oahu","Pupukea","Krista Jaspers","Oahu","false"
"5762","","1","2022-09-02","Oahu","Pupukea","GE Keoni","Oahu","false"
"5765","","1","2017-07-18","Oahu","Makaha","Wild Side Specialty Tours","Oahu","false"
"5773","","1","2022-08-30","Oahu","Kea'au Beach Park","Veronica Franklin","Oahu","false"
"5776","","1","2022-11-28","Maui","Ulua Point","Maria Norman","Maui Nui","false"
"5766","","1","2019-11-11","Oahu","Makaha","Wild Side Specialty Tours","Oahu","false"
"5770","","1","2022-04-28","Oahu","Makaha","Wild Side Specialty Tours","Oahu","false"
"5834","","1","2023-01-17","Oahu","Magic Island","Sunshine Scuba","Oahu","false"
"5782","","1","2022-08-07","Oahu","Pupukea","Robert Swisher","Oahu","false"
"5785","","1","2022-11-25","Oahu","Magic Island","Sunshine Scuba","Oahu","false"
"5784","","1","2022-12-05","Oahu","Electric Beach","Relaxing Tropics","Oahu","false"
"5801","","1","2022-12-14","Oahu","Electric Beach","Kim Charters","Oahu","false"
"5808","","1","2023-01-06","Oahu","Electric Beach","Maria & Isa (@oceangalz)","Oahu","false"
"5807","","1","2023-01-07","Oahu","Electric Beach","Alan Doerter","Oahu","false"
"5804","","1","2023-01-17","Oahu","Electric Beach","Relaxing Tropics","Oahu","false"
"5843","","1","2023-06-15","Oahu","Pupukea","Relaxing Tropics","Oahu","false"
"5820","","1","2023-04-07","Oahu","Pupukea","Relaxing Tropics","Oahu","false"
"5821","","1","2023-05-06","Oahu","Pupukea","Relaxing Tropics","Oahu","false"
"5814","","1","2023-01-07","Oahu","Electric Beach","Rachel Winn","Oahu","false"
"5810","","1","2023-01-13","Oahu","Electric Beach","Alan Doerter","Oahu","false"
"5815","","1","2023-02-11","Oahu","Electric Beach","Alan Doerter","Oahu","false"
"5822","","2","2023-05-07","Oahu","Pupukea","Relaxing Tropics","Oahu","false"
"5633","","1","2020-10-17","Maui","Makena Landing","Tess Patalano","Maui Nui","false"
"5823","","1","2023-05-09","Oahu","Pupukea","Relaxing Tropics","Oahu","false"
"5824","","3","2023-05-10","Oahu","Pupukea","Relaxing Tropics","Oahu","false"
"5825","","1","2023-05-22","Oahu","Pupukea","Relaxing Tropics","Oahu","false"
"5605","","1","2020-08-05","Kauai","Koloa Landing","Jordan Rosek","Kauai","false"
"5827","","1","2023-05-24","Oahu","Pupukea","Relaxing Tropics","Oahu","false"
"5837","","1","2023-03-26","Oahu","Ala Wai","James (@colmidnight)","Oahu","false"
"5841","","3","2023-05-16","Oahu","Ala Wai","Kennedy Logan","Oahu","false"
"5877","","1","2023-10-27","Oahu","","Stephen Avant","Oahu","false"
"5626","","1","2020-01-26","Kauai","","Elijah Aasand","Kauai","false"
"5848","","1","2023-07-05","Oahu","Pupukea","Relaxing Tropics","Oahu","false"
"5868","","1","2023-08-28","Oahu","Magic Island","Alex Burr","Oahu","false"
"5864","","1","2023-07-20","Oahu","Electric Beach","Yuki","Oahu","false"
"5866","","2","2023-08-30","Oahu","Electric Beach","Jacob Straube","Oahu","false"
"5856","","1","2023-06-25","Oahu","Pupukea","Robert Swisher","Oahu","false"
"5857","","1","2023-07-04","Oahu","Pupukea","Sean Vogelsang","Oahu","false"
"5854","","1","2023-07-20","Oahu","Pupukea","Relaxing Tropics","Oahu","false"
"5880","","1","2023-11-04","Oahu","Halona Beach Cove","Gary Liebmann","Oahu","false"
"5886","","1","2023-07-27","Oahu","Electric Beach","Relaxing Tropics","Oahu","false"
"5887","","1","2023-07-30","Oahu","Pupukea","Relaxing Tropics","Oahu","false"
"5029","","3","2018-01-29","Maui","","Mark Deakos","Maui Nui","false"
"5888","","1","2023-08-01","Oahu","Pupukea","Relaxing Tropics","Oahu","false"
"5892","","1","2023-08-12","Oahu","Pupukea","Relaxing Tropics","Oahu","false"
"5894","","1","2023-08-27","Oahu","Pupukea","Relaxing Tropics","Oahu","false"
"5906","","1","2024-01-23","Oahu","Rabbit Island Makapu","Relaxing Tropics","Oahu","false"
"5914","","3","2024-05-02","Maui","Olowalu","Mark Deakos","Maui Nui","false"
"5915","","1","2023-11-02","Maui","Keawakapu","Maria Norman","Maui Nui","false"
"5907","","1","2024-01-17","Oahu","Horeshoe Reef Waikiki","Alex Burr","Oahu","false"
"5912","","1","2024-02-17","Oahu","Point Panic","Randy Gillespie","Oahu","false"
"5554","","1","2021-01-09","Kauai","Stone House","","Kauai","false"
"5556","","1","2021-01-09","Kauai","Poipu","Tara Leoda","Kauai","false"
"5920","","1","2024-06-18","Oahu","Pupukea","Relaxing Tropics","Oahu","false"
"5412","","1","2020-01-26","Kauai","Ahukini","Caleb Morrison","Kauai","false"
"5937","","1","2024-07-11","Oahu","Hale'iwa","Jason Wrisley","Oahu","false"
"5936","","1","2024-07-01","Oahu","Angler's Reef","Quincy Leech","Oahu","false"
"5926","","1","2024-02-17","Oahu","Horeshoe Reef Waikiki","Preston","Oahu","false"
"5952","","1","2024-04-21","Oahu","Electric Beach","Jess Korshnak","Oahu","false"
"5944","","3","2024-07-14","Oahu","Electric Beach","Waylon Helseth","Oahu","false"
"5945","","2","2024-07-14","Oahu","Electric Beach","Ian Bayer","Oahu","false"
"5941","","2","2024-07-30","Oahu","Electric Beach","Kyla Godfrey","Oahu","false"
"5943","","1","2024-08-04","Oahu","Pupukea","Ryan Leong","Oahu","false"
"5951","","1","2024-09-20","Oahu","Pupukea","Relaxing Tropics","Oahu","false"
"5669","","2","2021-02-05","Kauai","Sheraton Caverns","Natalie Gardner","Kauai","false"
"5676","","1","2022-01-19","Kauai","","Julie Gardner","Kauai","false"
"5939","","1","2024-07-20","Niihau","Lehua/Niihau","Anthony Kuntz","Kauai","false"
"5954","","3","2025-10-24","Hawaii","Two Step","ProofUser","Oahu","false"
"5488","","1","2020-08-24","Oahu","Pupukea","Julieene Aulwes","Oahu","false"
"5305","","1","2025-11-11","Maui","Ukumehame","Manta Pacific Catalog","Maui Nui","false"
"5306","","1","2025-11-11","Maui","Ukumehame","Manta Pacific Catalog","Maui Nui","false"
"5307","","1","2025-11-11","Maui","Ukumehame","Manta Pacific Catalog","Maui Nui","false"
"5308","","1","2025-11-11","Maui","Ukumehame","Manta Pacific Catalog","Maui Nui","false"
"5309","","1","2025-11-11","Maui","Ukumehame","Manta Pacific Catalog","Maui Nui","false"
"5310","","1","2025-11-11","Maui","Ukumehame","Manta Pacific Catalog","Maui Nui","false"
"5859","","1","2025-11-11","","","Tatiana Martinez","","false"
"5262","","1","2025-11-11","Maui","Ukumehame","Manta Pacific Catalog","Maui Nui","false"
"5268","","1","2025-11-11","Maui","Ukumehame","Manta Pacific Catalog","Maui Nui","false"
"5269","","1","2025-11-11","Maui","Ukumehame","Manta Pacific Catalog","Maui Nui","false"
"5270","","1","2025-11-11","Maui","Ukumehame","Manta Pacific Catalog","Maui Nui","false"
"5271","","1","2025-11-11","Maui","Ukumehame","Manta Pacific Catalog","Maui Nui","false"
"5272","","1","2025-11-11","Maui","Ukumehame","Manta Pacific Catalog","Maui Nui","false"
"5274","","1","2025-11-11","Maui","Ukumehame","Manta Pacific Catalog","Maui Nui","false"
"5275","","1","2025-11-11","Maui","Ukumehame","Manta Pacific Catalog","Maui Nui","false"
"5276","","1","2025-11-11","Maui","Ukumehame","Manta Pacific Catalog","Maui Nui","false"
"5277","","1","2025-11-11","Maui","Ukumehame","Manta Pacific Catalog","Maui Nui","false"
"5278","","1","2025-11-11","Maui","Ukumehame","Manta Pacific Catalog","Maui Nui","false"
"5279","","1","2025-11-11","Maui","Ukumehame","Manta Pacific Catalog","Maui Nui","false"
"5280","","1","2025-11-11","Maui","Ukumehame","Manta Pacific Catalog","Maui Nui","false"
"5281","","1","2025-11-11","Maui","Ukumehame","Manta Pacific Catalog","Maui Nui","false"
"5282","","1","2025-11-11","Maui","Ukumehame","Manta Pacific Catalog","Maui Nui","false"
"5283","","1","2025-11-11","Maui","Ukumehame","Manta Pacific Catalog","Maui Nui","false"
"5284","","1","2025-11-11","Maui","Ukumehame","Manta Pacific Catalog","Maui Nui","false"
"5286","","1","2025-11-11","Maui","Ukumehame","Manta Pacific Catalog","Maui Nui","false"
"5287","","1","2025-11-11","Maui","Ukumehame","Manta Pacific Catalog","Maui Nui","false"
"5289","","1","2025-11-11","Maui","Ukumehame","Manta Pacific Catalog","Maui Nui","false"
"5290","","1","2025-11-11","Maui","Ukumehame","Manta Pacific Catalog","Maui Nui","false"
"5291","","1","2025-11-11","Maui","Ukumehame","Manta Pacific Catalog","Maui Nui","false"
"5292","","1","2025-11-11","Maui","Ukumehame","Manta Pacific Catalog","Maui Nui","false"
"5293","","1","2025-11-11","Maui","Ukumehame","Manta Pacific Catalog","Maui Nui","false"
"5294","","1","2025-11-11","Maui","Ukumehame","Manta Pacific Catalog","Maui Nui","false"
"5296","","1","2025-11-11","Maui","Ukumehame","Manta Pacific Catalog","Maui Nui","false"
"5297","","1","2025-11-11","Maui","Ukumehame","Manta Pacific Catalog","Maui Nui","false"
"5298","","1","2025-11-11","Maui","Ukumehame","Manta Pacific Catalog","Maui Nui","false"
"5299","","1","2025-11-11","Maui","Ukumehame","Manta Pacific Catalog","Maui Nui","false"
"5300","","1","2025-11-11","Maui","Ukumehame","Manta Pacific Catalog","Maui Nui","false"
"5301","","1","2025-11-11","Maui","Ukumehame","Manta Pacific Catalog","Maui Nui","false"
"5302","","1","2025-11-11","Maui","Ukumehame","Manta Pacific Catalog","Maui Nui","false"
"5303","","1","2025-11-11","Maui","Ukumehame","Manta Pacific Catalog","Maui Nui","false"
"5331","","1","2014-04-11","Maui","Wailea Point","Manta Pacific Catalog","Maui Nui","false"
"5530","","1","2020-09-18","Oahu","Turtle Canyon","Ryan Leong ","Oahu","false"
"10381","","1","2010-03-16","Big Island","Garden Eel Cove","Bo Pardau","Big Island","true"
"5639","","1","2020-11-03","Maui","Makena Landing","Maui Dreams","Maui Nui","false"
"5648","","2","2021-02-25","Oahu","Electric Beach","Diana Kramer","Oahu","false"
"5818","","2","2023-01-10","Maui","White Rock Beach","B & A ","Maui Nui","false"
"5323","","1","2008-04-20","Maui","St. Anthony's Wreck","Manta Pacific Catalog","Maui Nui","false"
"5105","","1","2018-08-13","Maui","Honolua Bay","Mark Deakos","Maui Nui","false"
"5106","","2","2018-08-14","Maui","Honolua Bay","Mark Deakos","Maui Nui","false"
"5406","","1","2020-04-06","Oahu","Kaneohe Bay","Toby Matthews","Oahu","false"
"5014","","8","2018-01-25","Maui","Olowalu","Mark Deakos","Maui Nui","false"
"5016","","2","2018-01-28","Maui","Wailea point","Mark Deakos","Maui Nui","false"
"5017","","3","2018-03-02","Maui","Olowalu","Mark Deakos","Maui Nui","false"
"5021","","1","2018-03-14","Maui","Wailea point","Mark Deakos","Maui Nui","false"
"5407","","3","2019-10-19","Oahu","Kaneohe Bay","Toby Matthews","Oahu","false"
"5863","","1","2023-07-23","Oahu","Electric Beach","Eric Shipley","Oahu","false"
"5063","","1","2018-05-27","Maui","Ulua Point","Mark Deakos","Maui Nui","false"
"5071","","1","2018-06-19","Maui","Honolua Bay","Mark Deakos","Maui Nui","false"
"5073","","1","2018-06-22","Maui","Honolua Bay","Mark Deakos","Maui Nui","false"
"5082","","2","2018-06-08","Maui","Honolua Bay","Tiffany Morgan","Maui Nui","false"
"5083","","1","2018-01-08","Maui","Ulua Point","Brandi Romano","Maui Nui","false"
"5084","","1","2018-06-15","Maui","Ulua Point","Brandi Romano","Maui Nui","false"
"5086","","1","2018-06-27","Maui","Honolua Bay","Don McLeish","Maui Nui","false"
"5088","","1","2018-07-09","Maui","Honolua Bay","Mark Deakos","Maui Nui","false"
"5107","","2","2018-08-14","Maui","Honolua Bay","Mark Deakos","Maui Nui","false"
"5110","","1","2018-08-16","Maui","Honolua Bay","Mark Deakos","Maui Nui","false"
"5111","","1","2018-08-19","Maui","Wailea point","Mark Deakos","Maui Nui","false"
"5114","","1","2013-07-12","Maui","Honolua Bay","Don McLeish","Maui Nui","false"
"5122","","1","2018-11-23","Maui","Honolua Bay","Mark Deakos","Maui Nui","false"
"5366","","1","2006-12-31","Oahu","Hanauma Bay","","Oahu","false"
"5373","","1","2016-10-01","Oahu","Kaneohe Bay","","Oahu","false"
"5408","","1","2019-09-28","Oahu","Kaneohe Bay","Toby Matthews","Oahu","false"
"5409","","1","2019-07-04","Oahu","Kaneohe Bay","Toby Matthews","Oahu","false"
"5410","","1","2019-01-20","Oahu","Kaneohe Bay","Toby Matthews","Oahu","false"
"5411","","2","2016-09-24","Oahu","Kaneohe Bay","Toby Matthews","Oahu","false"
"5045","","1","2018-03-13","Maui","Wailea point","Mark Deakos","Maui Nui","false"
"5060","","5","2018-04-13","Maui","Ulua Point","Mark Deakos","Maui Nui","false"
"5103","","3","2018-08-10","Maui","Olowalu","Mark Deakos","Maui Nui","false"
"5109","","2","2018-08-15","Maui","Honolua Bay","Mark Deakos","Maui Nui","false"
"5123","","1","2018-11-24","Maui","Wailea point","Mark Deakos","Maui Nui","false"
"5372","","1","2016-09-24","Oahu","Kaneohe Bay","","Oahu","false"
"5508","","1","2019-12-05","Oahu","Hanauma Bay","Deborah Wallace","Oahu","false"
"5509","","1","2019-12-06","Oahu","Hanauma Bay","Deborah Wallace","Oahu","false"
"5304","","1","2025-11-11","Maui","Ukumehame","Manta Pacific Catalog","Maui Nui","false"
"5510","","3","2020-01-29","Oahu","Hanauma Bay","Deborah Wallace","Oahu","false"
"5576","","1","2021-03-23","Oahu","Kaneohe Bay","Relaxing Tropics","Oahu","false"
"5643","","1","2021-01-09","Oahu","Kaneohe Bay","Pat Goding","Oahu","false"
"5646","","1","2021-02-11","Oahu","Hanauma Bay","Linda Toki","Oahu","false"
"5647","","1","2021-11-21","Oahu","Kaneohe Bay","Corey Nevels","Oahu","false"
"5675","","3","2022-01-15","Oahu","Kaneohe Bay","Toby Matthews","Oahu","false"
"5700","","2","2022-05-30","Oahu","Kaneohe Bay","Ari Halperin","Oahu","false"
"5701","","4","2022-06-16","Oahu","Kaneohe Bay","Corey Nevels","Oahu","false"
"5761","","2","2022-08-16","Oahu","Kaneohe Bay","Corey Nevels","Oahu","false"
"5791","","3","2020-01-18","Oahu","Hanauma Bay","Krista Jaspers","Oahu","false"
"5754","","2","2022-07-21","Oahu","Kaneohe Bay","Eliza Beckwith","Oahu","false"
"5759","","7","2022-08-14","Oahu","Kaneohe Bay","Corey Nevels","Oahu","false"
"5779","","5","2022-12-05","Oahu","Kaneohe Bay","Corey Nevels","Oahu","false"
"5768","","5","2022-10-09","Oahu","Kaneohe Bay","Corey Nevels","Oahu","false"
"5771","","1","2022-10-09","Oahu","Kaneohe Bay","Eric Shipley","Oahu","false"
"5800","","1","2022-11-27","Oahu","Kaneohe Bay","Corey Nevels","Oahu","false"
"5797","","1","2022-12-28","Oahu","Hanauma Bay","Krista Jaspers","Oahu","false"
"5802","","1","2022-12-22","Oahu","Hanauma Bay","Relaxing Tropics","Oahu","false"
"5806","","1","2023-01-14","Oahu","Kaneohe Bay","Simone Franceschini","Oahu","false"
"5811","","5","2023-01-16","Oahu","Kaneohe Bay","Mathias Soerensen","Oahu","false"
"5812","","2","2023-01-16","Oahu","Kaneohe Bay","Blade Shepherd-Jones","Oahu","false"
"5872","","1","2023-09-07","Oahu","Kaneohe Bay","Emily Lester","Oahu","false"
"5873","","3","2023-10-04","Oahu","Kaneohe Bay","Corey Nevels","Oahu","false"
"5874","","1","2023-10-02","Oahu","Kaneohe Bay","Lauren Jaramillo","Oahu","false"
"5871","","1","2023-09-16","Oahu","Kaneohe Bay","Daniel Arechiga","Oahu","false"
"5836","","3","2023-03-23","Oahu","Kaneohe Bay","Corey Nevels","Oahu","false"
"5879","","3","2023-11-01","Oahu","Kaneohe Bay","Corey Nevels","Oahu","false"
"5882","","6","2023-12-09","Oahu","Kaneohe Bay","Corey Nevels","Oahu","false"
"5911","","1","2024-01-13","Oahu","Hanauma Bay","Krista Jaspers","Oahu","false"
"5933","","3","2024-04-27","Oahu","Kaneohe Bay","Corey Nevels","Oahu","false"
"5953","","3","2024-09-16","Oahu","Kaneohe Bay","Mathias Soerensen","Oahu","false"
"5237","","1","2006-01-11","Maui","Molokini","Manta Pacific Catalog","Maui Nui","false"
"5238","","1","2004-12-04","Maui","Molokini","Manta Pacific Catalog","Maui Nui","false"
"5239","","1","2004-12-04","Maui","Molokini","Manta Pacific Catalog","Maui Nui","false"
"5240","","1","2004-12-04","Maui","Molokini","Manta Pacific Catalog","Maui Nui","false"
"5241","","1","2004-01-03","Maui","Molokini","Manta Pacific Catalog","Maui Nui","false"
"5264","","1","2006-05-29","Maui","Molokini","Manta Pacific Catalog","Maui Nui","false"
"5266","","1","2006-02-01","Maui","Molokini","Manta Pacific Catalog","Maui Nui","false"
"5311","","1","2006-09-27","Maui","Molokini","Manta Pacific Catalog","Maui Nui","false"
"5319","","1","2006-12-01","Maui","Molokini","Manta Pacific Catalog","Maui Nui","false"
"5326","","1","2010-03-21","Maui","Molokini","Manta Pacific Catalog","Maui Nui","false"
"5330","","1","2014-02-08","Maui","Molokini","Manta Pacific Catalog","Maui Nui","false"
"5343","","1","2017-04-25","Maui","Molokini","Manta Pacific Catalog","Maui Nui","false"
"5353","","1","2018-03-07","Maui","Molokini","Manta Pacific Catalog","Maui Nui","false"
"5312","","1","2006-11-28","Maui","Ukumehame","Manta Pacific Catalog","Maui Nui","false"
"5313","","1","2006-03-03","Maui","Ukumehame","Manta Pacific Catalog","Maui Nui","false"
"5314","","1","2006-03-03","Maui","Ukumehame","Manta Pacific Catalog","Maui Nui","false"
"5316","","1","2007-01-16","Maui","Ukumehame","Manta Pacific Catalog","Maui Nui","false"
"5251","","1","2005-10-27","Maui","Ukumehame","Manta Pacific Catalog","Maui Nui","false"
"5250","","1","2005-01-06","Maui","Ukumehame","Manta Pacific Catalog","Maui Nui","false"
"5249","","1","2005-10-20","Maui","Ukumehame","Manta Pacific Catalog","Maui Nui","false"
"5248","","1","2005-01-06","Maui","Ukumehame","Manta Pacific Catalog","Maui Nui","false"
"5247","","1","2005-01-06","Maui","Ukumehame","Manta Pacific Catalog","Maui Nui","false"
"5246","","1","2005-01-06","Maui","Ukumehame","Manta Pacific Catalog","Maui Nui","false"
"5245","","1","2005-10-20","Maui","Ukumehame","Manta Pacific Catalog","Maui Nui","false"
"5244","","1","2005-01-06","Maui","Ukumehame","Manta Pacific Catalog","Maui Nui","false"
"5243","","1","2005-01-06","Maui","Ukumehame","Manta Pacific Catalog","Maui Nui","false"
"5242","","1","2005-10-20","Maui","Ukumehame","Manta Pacific Catalog","Maui Nui","false"
"5263","","1","2005-10-20","Maui","Ukumehame","Manta Pacific Catalog","Maui Nui","false"
"5260","","1","2005-10-27","Maui","Ukumehame","Manta Pacific Catalog","Maui Nui","false"
"5253","","1","2005-10-20","Maui","Ukumehame","Manta Pacific Catalog","Maui Nui","false"
"5254","","1","2005-10-20","Maui","Ukumehame","Manta Pacific Catalog","Maui Nui","false"
"5256","","1","2005-10-27","Maui","Ukumehame","Manta Pacific Catalog","Maui Nui","false"
"5494","","1","2019-11-23","Oahu","Electric Beach","Julieene Aulwes","Oahu","false"
"5637","","1","2020-11-01","Maui","Wailea point","B & A ","Maui Nui","false"
"5517","","1","2020-08-13","Oahu","Pokai Bay","Ariel Harperin","Oahu","false"
"5865","","1","2023-08-04","Oahu","Pokai Bay","Eric Shipley","Oahu","false"
"5535","","1","2019-07-23","Oahu","Pokai Bay","Blade Shepherd-Jones","Oahu","false"
"5532","","1","2020-08-23","Oahu","Pokai Bay","Lina Mroby","Oahu","false"
"5769","","1","2022-10-06","Oahu","Pokai Bay","Eric Shipley","Oahu","false"
"5377","","1","2018-06-10","Oahu","Pokai Bay","","Oahu","false"
"5368","","1","2014-01-07","Oahu","Pokai Bay","","Oahu","false"
"5515","","1","2020-08-25","Oahu","Pokai Bay","Nicole Lim","Oahu","false"
"5628","","1","2020-09-30","Kauai","Fathom Rock","Tara Leoda","Kauai","false"
"5162","","2","2019-08-16","Lanai","Manele Bay","Emily Skiba","Maui Nui","false"
"5625","","3","2021-11-21","Maui","Kalepolepo Fish Pond","Bruce and Alan","Maui Nui","false"
"5632","","1","2020-10-14","Maui","Maluaka","B & A ","Maui Nui","false"
"5552","","1","2020-06-24","Niihau","Niihau","","Kauai","false"
"5553","","1","2020-08-25","Niihau","Niihau","Julie Gardner","Kauai","false"
"5904","","1","2024-01-26","Oahu","Rabbit Island Makapu","Relaxing Tropics","Oahu","false"
"5777","","1","2022-02-24","Oahu","Electric Beach","Elaine Hicks","Oahu","false"
"5794","","1","2022-12-27","Oahu","Ala Wai","Alex Burr","Oahu","false"
"5375","","1","2016-12-26","Oahu","Ewa Beach","","Oahu","false"
"5379","","1","2018-02-11","Oahu","Ewa Pinnacles","","Oahu","false"
"5799","","1","2022-12-26","Oahu","Halona Beach Cove","Paige Krumwiede","Oahu","false"
"5702","","1","2022-04-26","Oahu","Horeshoe Reef Waikiki","Marcia Lee","Oahu","false"
"5793","","1","2022-11-30","Oahu","Horeshoe Reef Waikiki","Alex Burr","Oahu","false"
"5839","","1","2023-04-26","Oahu","Horeshoe Reef Waikiki","Alex Burr","Oahu","false"
"5677","","1","2022-01-20","Oahu","Kewalo Pipe","Alex Burr","Oahu","false"
"5369","","1","2015-01-01","Oahu","Lanai Lookout","","Oahu","false"
"5370","","1","2015-02-15","Oahu","Lanai Lookout","","Oahu","false"
"5380","","1","2016-11-04","Oahu","Magic Island","","Oahu","false"
"5688","","1","2022-03-04","Oahu","Magic Island","Sunshine Scuba","Oahu","false"
"5909","","1","2024-01-14","Oahu","Magic Island","Michele Cooke","Oahu","false"
"5678","","1","2022-02-03","Oahu","Nautilus Dive Site","Ren Taylor","Oahu","false"
"5364","","1","2018-03-11","Oahu","Navy Tug","","Oahu","false"
"5816","","1","2022-02-01","Oahu","Pearl Harbor","Rachel Winn","Oahu","false"
"5817","","1","2022-10-07","Oahu","Pearl Harbor","Blade Shepherd-Jones","Oahu","false"
"5689","","1","2020-01-20","Oahu","Turtle Canyon","Max Brunk","Oahu","false"
"5513","","1","2020-08-21","Oahu","Turtle Canyon","Ryan Leong ","Oahu","false"
"5603","","1","2020-12-28","Kauai","Koloa Landing","Caleb Morrison","Kauai","false"
"5842","","1","2020-05-05","Oahu","Electric Beach","Relaxing Tropics","Oahu","false"
"5650","","1","2021-03-03","Oahu","Electric Beach","Diana Kramer","Oahu","false"
"5654","","1","2021-04-02","Oahu","Electric Beach","Pat Goding","Oahu","false"
"5604","","2","2020-06-17","Niihau","Lehua/Niihau","Jordan Rosek","Kauai","false"
"5774","","1","2022-10-22","Oahu","Electric Beach","Relaxing Tropics","Oahu","false"
"5796","","1","2022-12-14","Oahu","Electric Beach","Alan D","Oahu","false"
"5809","","1","2023-01-10","Oahu","Electric Beach","Veronica Franklin","Oahu","false"
"5849","","1","2023-06-30","Oahu","Electric Beach","Dustin (facebook dive)","Oahu","false"
"5847","","1","2023-07-01","Oahu","Electric Beach","Donna (swim club - Pat Goding's friend)","Oahu","false"
"5858","","1","2023-07-21","Oahu","Electric Beach","Brittini Arlene","Oahu","false"
"5862","","1","2023-07-21","Oahu","Electric Beach","Yuki","Oahu","false"
"5860","","2","2023-07-22","Oahu","Electric Beach","Eri Ocean","Oahu","false"
"5870","","1","2023-08-26","Oahu","Electric Beach","Maile Gresham","Oahu","false"
"5913","","1","2023-11-19","Oahu","","Daniel Arechiga","Oahu","false"
"5897","","2","2023-08-31","Oahu","Electric Beach","Relaxing Tropics","Oahu","false"
"5506","","1","2021-01-07","Oahu","Hanauma Bay","Relaxing Tropics","Oahu","false"
"5798","","1","2022-12-31","Oahu","Hanauma Bay","Krista Jaspers","Oahu","false"
"5838","","3","2023-04-01","Oahu","Kaneohe Bay","Corey Nevels","Oahu","false"
"5923","","1","2024-08-18","Oahu","Pupukea","Relaxing Tropics","Oahu","false"
"5020","","1","2018-03-13","Maui","Olowalu","Mark Deakos","Maui Nui","false"
"5036","","1","2018-03-10","Maui","Wailea point","Mark Deakos","Maui Nui","false"
"5041","","1","2017-08-07","Maui","Wailea Point","Mark Deakos","Maui Nui","false"
"5044","","1","2018-02-10","Maui","Wailea Point","Mark Deakos","Maui Nui","false"
"5925","","1","2024-04-10","Oahu","Electric Beach","Relaxing Tropics","Oahu","false"
"5921","","1","2024-07-16","Oahu","Electric Beach","Relaxing Tropics","Oahu","false"
"5051","","2","2017-11-23","Maui","Wailea point","Mark Deakos","Maui Nui","false"
"5057","","1","2018-04-11","Maui","Wailea point","Mark Deakos","Maui Nui","false"
"5058","","2","2018-04-12","Maui","Wailea point","Mark Deakos","Maui Nui","false"
"5019","","1","2018-03-03","Maui","Olowalu","Mark Deakos","Maui Nui","false"
"5027","","1","2018-01-30","Maui","Wailea point","Mark Deakos","Maui Nui","false"
"5037","","1","2018-03-16","Maui","Mala","Mark Deakos","Maui Nui","false"
"5038","","1","2017-12-31","Maui","Wailea point","Mark Deakos","Maui Nui","false"
"5940","","2","2024-07-29","Oahu","Electric Beach","Tiffany Bruno","Oahu","false"
"5942","","2","2024-07-30","Oahu","Electric Beach","Jessica Chilinski","Oahu","false"
"5767","","1","2022-10-08","Oahu","Kaneohe Bay","Corey Nevels","Oahu","false"
"5511","","1","2020-03-09","Oahu","Hanauma Bay","Deborah Wallace","Oahu","false"
"5805","","1","2021-01-12","Oahu","Kaneohe Bay","Lauren Jaramillo","Oahu","false"
"5813","","2","2023-01-17","Oahu","Kaneohe Bay","Victoria DiMeglio","Oahu","false"
"5949","","1","2024-08-16","Oahu","Electric Beach","Brittini Arlene","Oahu","false"
"5363","","1","2018-03-17","Oahu","Ewa Pinnacles","","Oahu","false"
"5235","","1","2003-01-07","Maui","Molokini","Manta Pacific Catalog","Maui Nui","false"
"5236","","1","2004-12-06","Maui","Molokini","Manta Pacific Catalog","Maui Nui","false"
"5778","","1","2022-11-10","Oahu","Makaha","Veronica Franklin","Oahu","false"
"5910","","1","2024-02-14","Oahu","Hanauma Bay","Krista Jaspers","Oahu","false"
"5252","","1","2005-01-06","Maui","Ukumehame","Manta Pacific Catalog","Maui Nui","false"
"5523","","1","2020-04-02","Oahu","Tracks Beach","Pat Goding","Oahu","false"
"5653","","1","2021-03-06","Oahu","Tracks Beach","Pat Goding","Oahu","false"
"5329","","1","2013-07-17","Maui","Tank and Landing Craft","Manta Pacific Catalog","Maui Nui","false"
"5757","","2","2022-08-06","Oahu","Kaneohe Bay","Corey","Oahu","false"
"5376","","1","2017-04-07","Oahu","Kewalos Horshoe Reef","","Oahu","false"
"5737","","3","2022-07-22","Oahu","Pupukea","Relaxing Tropics","Oahu","false"
"5775","","2","2022-09-09","Oahu","Pupukea","Relaxing Tropics","Oahu","false"
"5371","","1","2015-09-05","Oahu","YO-257 Shipwreck","","Oahu","false"
"5531","","1","2020-04-28","Oahu","Electric Beach","Ariel Harperin","Oahu","false"
"5795","","1","2022-12-11","Oahu","Electric Beach","Ryan (via Jon)","Oahu","false"
"5783","","1","2022-11-08","Oahu","Pupukea","Relaxing Tropics","Oahu","false"
"5840","","1","2023-05-10","Oahu","Pupukea","Brittini Arlene","Oahu","false"
"5828","","3","2023-05-25","Oahu","Pupukea","Relaxing Tropics","Oahu","false"
"5861","","1","2023-07-27","Oahu","Electric Beach","Teri Lathrop","Oahu","false"
"9855","0","1","2011-02-22","Big Island","Garden Eel Cove","Keller Laros","Big Island","true"
"5829","","1","2023-05-26","Oahu","Pupukea","Relaxing Tropics","Oahu","false"
"5830","","2","2023-06-02","Oahu","Pupukea","Relaxing Tropics","Oahu","false"
"5831","","1","2023-06-05","Oahu","Pupukea","Relaxing Tropics","Oahu","false"
"5050","","1","2018-02-11","Maui","Ulua Point","Mark Deakos","Maui Nui","false"
"5832","","2","2023-06-06","Oahu","Pupukea","Relaxing Tropics","Oahu","false"
"5935","","1","2024-07-06","Oahu","Electric Beach","Gratel Rogers","Oahu","false"
"5844","","2","2023-06-16","Oahu","Pupukea","Relaxing Tropics","Oahu","false"
"5846","","1","2023-07-01","Oahu","Pupukea","Relaxing Tropics","Oahu","false"
"5876","","1","2023-10-16","Oahu","Makaha","Liah McPherson","Oahu","false"
"5850","","1","2023-07-06","Oahu","Pupukea","Relaxing Tropics","Oahu","false"
"5851","","1","2023-07-12","Oahu","Pupukea","Relaxing Tropics","Oahu","false"
"5852","","1","2023-07-15","Oahu","Pupukea","Relaxing Tropics","Oahu","false"
"5758","","1","2022-08-10","Oahu","Kaneohe Bay","Mathias Soerensen","Oahu","false"
"5853","","1","2023-07-18","Oahu","Pupukea","Relaxing Tropics","Oahu","false"
"5883","","1","2023-07-23","Oahu","Pupukea","Relaxing Tropics","Oahu","false"
"5889","","1","2023-08-03","Oahu","Pupukea","Relaxing Tropics","Oahu","false"
"5890","","2","2023-08-07","Oahu","Pupukea","Relaxing Tropics","Oahu","false"
"5529","","1","2019-09-18","Oahu","Tracks Beach","Pat Goding","Oahu","false"
"5893","","1","2023-08-26","Oahu","Pupukea","Relaxing Tropics","Oahu","false"
"5895","","1","2023-08-29","Oahu","Pupukea","Relaxing Tropics","Oahu","false"
"5896","","1","2023-08-30","Oahu","Pupukea","Relaxing Tropics","Oahu","false"
"5898","","1","2023-09-12","Oahu","Pupukea","Relaxing Tropics","Oahu","false"
"5899","","1","2023-09-13","Oahu","Pupukea","Relaxing Tropics","Oahu","false"
"5891","","1","2023-08-09","Oahu","Pupukea","Relaxing Tropics","Oahu","false"
"5900","","1","2023-09-20","Oahu","Pupukea","Relaxing Tropics","Oahu","false"
"5901","","1","2023-09-21","Oahu","Pupukea","Relaxing Tropics","Oahu","false"
"5261","","1","2005-10-20","Maui","Ukumehame","Manta Pacific Catalog","Maui Nui","false"
"5112","","1","2012-05-20","Maui","Honolua Bay","Mark Deakos","Maui Nui","false"
"5902","","1","2023-09-22","Oahu","Pupukea","Relaxing Tropics","Oahu","false"
"5903","","1","2023-09-26","Oahu","Pupukea","Relaxing Tropics","Oahu","false"
"5257","","1","2005-11-13","Maui","Ukumehame","Manta Pacific Catalog","Maui Nui","false"
"5004","","2","2017-12-27","Maui","Maluaka","Mark Deakos","Maui Nui","false"
"5012","","1","2018-01-21","Maui","Makena Landing","Mark Deakos","Maui Nui","false"
"672","0","1","2017-12-30","Maui","Ulua Point","Mark Deakos","Maui Nui","false"
"5047","","1","2018-03-27","Maui","La Perouse","Mark Deakos","Maui Nui","false"
"5046","","1","2017-12-17","Maui","Maluaka","Mark Deakos","Maui Nui","false"
"5053","","1","2018-03-25","Maui","Maluaka","Mark Deakos","Maui Nui","false"
"5054","","1","2018-03-29","Maui","Maluaka","Mark Deakos","Maui Nui","false"
"5056","","2","2018-04-10","Maui","Maluaka","Mark Deakos","Maui Nui","false"
"5052","","1","2018-02-10","Maui","Ulua Point","Mark Deakos","Maui Nui","false"
"5258","","1","2005-10-20","Maui","Ukumehame","Manta Pacific Catalog","Maui Nui","false"
"5113","","1","2014-07-09","Maui","Honolua Bay","Don McLeish","Maui Nui","false"
"5118","","3","2018-11-15","Maui","Ulua Point","Mark Deakos","Maui Nui","false"
"5917","","1","2024-05-08","Oahu","Pupukea","Relaxing Tropics","Oahu","false"
"5168","","1","2019-10-10","Maui","Ulua Point","Ted Wolfrum","Maui Nui","false"
"5169","","1","2019-12-11","Maui","Ulua Point","Bo Blinski","Maui Nui","false"
"5170","","1","2020-01-20","Maui","Ulua Point","Bo Blinski","Maui Nui","false"
"5128","","1","2018-06-18","Maui","Ulua Point","Brandi Romano","Maui Nui","false"
"5129","","1","2018-06-23","Maui","Honolua Bay","Jamey Kleinhenz","Maui Nui","false"
"5130","","1","2018-09-03","Maui","Honolua Bay","Don McLeish","Maui Nui","false"
"5131","","2","2018-09-05","Maui","Honolua Bay","Don McLeish","Maui Nui","false"
"5132","","1","2018-09-08","Maui","Honolua Bay","Don McLeish","Maui Nui","false"
"5133","","1","2018-09-10","Maui","Honolua Bay","Don McLeish","Maui Nui","false"
"5134","","1","2018-09-11","Maui","Honolua Bay","Don McLeish","Maui Nui","false"
"5135","","1","2019-04-25","Maui","Honolua Bay","Don McLeish","Maui Nui","false"
"5919","","1","2024-05-28","Oahu","Pupukea","Relaxing Tropics","Oahu","false"
"5922","","1","2024-08-02","Oahu","Pupukea","Relaxing Tropics","Oahu","false"
"5924","","1","2024-08-19","Oahu","Pupukea","Relaxing Tropics","Oahu","false"
"5255","","1","2005-10-27","Maui","Ukumehame","Manta Pacific Catalog","Maui Nui","false"
"5136","","1","2019-04-27","Maui","Honolua Bay","Don McLeish","Maui Nui","false"
"5137","","1","2019-02-04","Maui","Sugar Beach","B & A ","Maui Nui","false"
"5138","","1","2019-04-28","Maui","Honolua Bay","Don McLeish","Maui Nui","false"
"5139","","1","2019-05-03","Maui","Honolua Bay","Don McLeish","Maui Nui","false"
"5140","","1","2019-05-07","Maui","Honolua Bay","Don McLeish","Maui Nui","false"
"5141","","1","2019-05-08","Maui","Honolua Bay","Don McLeish","Maui Nui","false"
"5142","","1","2019-05-14","Maui","Honolua Bay","Don McLeish","Maui Nui","false"
"5143","","1","2019-05-15","Maui","Honolua Bay","Don McLeish","Maui Nui","false"
"5144","","1","2019-05-25","Maui","Honolua Bay","Don McLeish","Maui Nui","false"
"5145","","1","2019-05-28","Maui","Honolua Bay","Don McLeish","Maui Nui","false"
"5146","","2","2019-05-30","Maui","Honolua Bay","Kristen DeCrausaz","Maui Nui","false"
"5147","","1","2019-06-16","Maui","Honolua Bay","Don McLeish","Maui Nui","false"
"5148","","1","2019-06-19","Maui","Honolua Bay","Don McLeish","Maui Nui","false"
"5152","","1","2018-08-29","Maui","Honolua Bay","Mark Deakos","Maui Nui","false"
"5154","","1","2019-07-10","Maui","Honolua Bay","Don McLeish","Maui Nui","false"
"5155","","2","2019-06-23","Maui","Olowalu","Mark Deakos","Maui Nui","false"
"5156","","7","2019-06-06","Maui","Olowalu","Mark Deakos","Maui Nui","false"
"5157","","7","2019-06-08","Maui","Olowalu","Mark Deakos","Maui Nui","false"
"5158","","2","2019-06-21","Maui","Olowalu","Mark Deakos","Maui Nui","false"
"5159","","1","2020-04-19","Maui","Keawakapu","Brandi Romano","Maui Nui","false"
"5160","","2","2019-01-13","Maui","Mala","Don McLeish","Maui Nui","false"
"5161","","2","2019-07-26","Maui","Honolua Bay","Don McLeish","Maui Nui","false"
"5163","","1","2019-08-25","Maui","Ulua Point","Ted Wolfrum","Maui Nui","false"
"5165","","2","2019-08-26","Maui","Ulua Point","Ted Wolfrum","Maui Nui","false"
"5166","","1","2019-09-03","Maui","Ulua Point","B & A ","Maui Nui","false"
"5167","","1","2019-10-06","Maui","Honolua Bay","Tiffany Morgan","Maui Nui","false"
"5172","","1","2020-02-19","Maui","Makena Landing","Ted Wolfrum","Maui Nui","false"
"5173","","1","2020-03-05","Maui","Wailea point","Bo Blinski","Maui Nui","false"
"5175","","1","2020-03-06","Maui","Wailea point","Bo Blinski","Maui Nui","false"
"5176","","2","2020-04-08","Maui","Wailea point","Bo Blinski","Maui Nui","false"
"5177","","1","2020-04-08","Maui","Makena Landing","Don Bloom","Maui Nui","false"
"5178","","1","2020-04-09","Maui","Wailea point","Bo Blinski","Maui Nui","false"
"5950","","2","2024-09-18","Oahu","Pupukea","Relaxing Tropics","Oahu","false"
"5710","","1","2021-05-15","Oahu","Pupukea","Relaxing Tropics","Oahu","false"
"5711","","1","2021-05-16","Oahu","Pupukea","Relaxing Tropics","Oahu","false"
"5180","","2","2020-04-18","Maui","Olowalu","Jamey Kleinhenz","Maui Nui","false"
"5181","","1","2020-04-24","Maui","Makena Landing","Brandi Romano","Maui Nui","false"
"5182","","1","2020-04-18","Maui","Maui West Side","Don McLeish","Maui Nui","false"
"5230","","7","2019-06-20","Maui","Olowalu","Mark Deakos","Maui Nui","false"
"5231","","1","2020-05-29","Maui","Honolua Bay","Mark Deakos","Maui Nui","false"
"5232","","1","2020-05-19","Maui","Honolua Bay","Don McLeish","Maui Nui","false"
"5233","","1","2020-05-15","Maui","Honolua Bay","Kristen DeCrausaz","Maui Nui","false"
"5183","","1","2020-03-09","Maui","Malakai Point","Anita Winters","Maui Nui","false"
"5179","","1","2020-04-13","Maui","Palauea","Brandi Romano","Maui Nui","false"
"5712","","2","2021-07-14","Oahu","Pupukea","Relaxing Tropics","Oahu","false"
"5234","","1","2020-05-15","Maui","Palauea","Ed Lyman","Maui Nui","false"
"5320","","1","2007-04-06","Maui","Maui West Side","Manta Pacific Catalog","Maui Nui","false"
"5321","","1","2008-02-21","Maui","","Manta Pacific Catalog","Maui Nui","false"
"5322","","1","2008-03-03","Maui","Marty's Reef","Manta Pacific Catalog","Maui Nui","false"
"5327","","1","2011-11-17","Maui","Wailea Point","Manta Pacific Catalog","Maui Nui","false"
"5332","","1","2015-06-25","Maui","Honolua Bay","Mark Deakos","Maui Nui","false"
"5334","","1","2015-07-07","Maui","Honolua Bay","Manta Pacific Catalog","Maui Nui","false"
"5528","","1","2020-05-20","Oahu","Electric Beach","Pat Goding","Oahu","false"
"5527","","1","2020-05-22","Oahu","Electric Beach","Pat Goding","Oahu","false"
"5337","","1","2016-02-28","Maui","Makena Reef","Manta Pacific Catalog","Maui Nui","false"
"5338","","1","2015-10-01","Maui","Makena Reef","Manta Pacific Catalog","Maui Nui","false"
"5339","","1","2016-06-01","Maui","Honolua Bay","Manta Pacific Catalog","Maui Nui","false"
"5342","","1","2017-01-07","Maui","Wailea Point","Manta Pacific Catalog","Maui Nui","false"
"5344","","1","2017-05-06","Maui","Wailea Point","Manta Pacific Catalog","Maui Nui","false"
"5345","","1","2017-03-09","Maui","Makena Reef","Manta Pacific Catalog","Maui Nui","false"
"5347","","1","2017-06-19","Maui","Honolua Bay","Manta Pacific Catalog","Maui Nui","false"
"5350","","1","2017-12-09","Maui","","Manta Pacific Catalog","Maui Nui","false"
"5351","","1","2018-01-19","Maui","Makena Reef","Manta Pacific Catalog","Maui Nui","false"
"5352","","1","2018-01-19","Maui","Makena Reef","Manta Pacific Catalog","Maui Nui","false"
"5354","","1","2018-03-14","Maui","Makena Reef","Manta Pacific Catalog","Maui Nui","false"
"5356","","1","2018-03-07","Maui","Makena Reef","Manta Pacific Catalog","Maui Nui","false"
"5358","","1","2018-11-06","Maui","Kihei","Manta Pacific Catalog","Maui Nui","false"
"5325","","1","2010-02-25","Maui","Molokini","Manta Pacific Catalog","Maui Nui","false"
"5335","","1","2015-04-10","Maui","Po'olennalena","Manta Pacific Catalog","Maui Nui","false"
"5359","","1","2018-09-14","Maui","Five Caves","Manta Pacific Catalog","Maui Nui","false"
"5348","","1","2017-08-02","Maui","Maluaka","Manta Pacific Catalog","Maui Nui","false"
"5360","","1","2020-06-20","Maui","Maluaka","Seraph","Maui Nui","false"
"5340","","1","2016-09-17","Maui","One'uli Beach","Manta Pacific Catalog","Maui Nui","false"
"5328","","1","2013-07-14","Maui","Palauea","Manta Pacific Catalog","Maui Nui","false"
"5341","","1","2016-12-09","Maui","Palauea","Manta Pacific Catalog","Maui Nui","false"
"5763","","2","2019-11-08","Oahu","Kaneohe Bay","Relaxing Tropics","Oahu","false"
"5349","","1","2017-08-03","Maui","Palauea","Manta Pacific Catalog","Maui Nui","false"
"5361","","1","2004-09-30","Oahu","Mokumanu Islet","MPRF","Oahu","false"
"5357","","1","2018-10-31","Maui","Ahihi Kina'u Reserve","Manta Pacific Catalog","Maui Nui","false"
"5401","","1","2020-06-09","Maui","Wailea point","B & A ","Maui Nui","false"
"5402","","1","2020-05-14","Maui","Honolua Bay","Kristen DeCrausaz","Maui Nui","false"
"5403","","1","2020-04-16","Maui","Makena Landing","Seraph","Maui Nui","false"
"5413","","1","2020-07-02","Maui","Maluaka","B & A ","Maui Nui","false"
"5692","","1","2022-02-11","","Kaneohe Bay","","","false"
"5414","","1","2020-07-22","Oahu","","Mark Mohler","Oahu","false"
"5415","","1","2020-08-19","Maui","Honolua Bay","Mark Deakos","Maui Nui","false"
"5416","","2","2010-12-08","Big Island","Keahou Bay","Mark Deakos","Big Island","false"
"5417","","1","2010-12-09","Big Island","Keahou Bay","Mark Deakos","Big Island","false"
"5418","","1","2010-12-11","Big Island","Keahou Bay","Mark Deakos","Big Island","false"
"5420","","3","2012-09-02","Big Island","Pu'Ukala Point","Mark Deakos","Big Island","false"
"5421","","2","2012-09-03","Big Island","Pu'Ukala Point","Mark Deakos","Big Island","false"
"5425","","1","2015-06-24","Big Island","Keahou Bay","Mark Deakos","Big Island","false"
"5419","","16","2010-12-12","Big Island","Pu'Ukala Point","Mark Deakos","Big Island","false"
"5881","","1","2023-12-08","Oahu","Kaneohe Bay","Ciera McQuaid","Oahu","false"
"5719","","2","2021-07-24","Oahu","Pupukea","Relaxing Tropics","Oahu","false"
"5709","","1","2021-07-25","Oahu","Pupukea","Relaxing Tropics","Oahu","false"
"5115","","1","2018-10-31","Maui","Ahihi Kina'u Reserve","Mark Deakos","Maui Nui","false"
"5550","","1","2019-01-13","Kauai","","Julie Gardner","Kauai","false"
"5598","","1","2021-09-08","Oahu","Pupukea","Relaxing Tropics","Oahu","false"
"5599","","1","2021-09-09","Oahu","Pupukea","Relaxing Tropics","Oahu","false"
"5618","","1","2015-03-08","Maui","Wailea point","Bo Blinski","Maui Nui","false"
"5672","","1","2021-11-13","Maui","Wailea point","Mike Romano","Maui Nui","false"
"5267","","1","2025-11-11","Maui","Ukumehame","Manta Pacific Catalog","Maui Nui","false"
"5365","","1","2006-08-16","Oahu","Hanauma Bay","","Oahu","false"
"5602","","1","2018-01-02","Niihau","Lehua/Niihau","Elijah Aasand","Kauai","false"
"5367","","1","2012-05-13","Oahu","Haleiwa","","Oahu","false"
"5543","","3","2020-07-20","Maui","Maluaka","B & A ","Maui Nui","false"
"5534","","1","2020-10-10","Oahu","Pupukea","Ryan Leong ","Oahu","false"
"5680","","1","2022-03-26","Maui","Pinnacles","Barry Lewis","Maui Nui","false"
"5422","","4","2012-09-05","Big Island","Keahou Bay","Mark Deakos","Big Island","false"
"5005","","1","2017-12-28","Maui","Makena Landing","Mark Deakos","Maui Nui","false"
"5042","","1","2017-07-05","Maui","Makena Landing","Mark Deakos","Maui Nui","false"
"5059","","1","2018-04-12","Maui","Makena Landing","Mark Deakos","Maui Nui","false"
"5067","","1","2018-06-10","Maui","Makena Landing","Mark Deakos","Maui Nui","false"
"5259","","1","2005-10-27","Maui","Ukumehame","Manta Pacific Catalog","Maui Nui","false"
"5404","","1","2020-04-11","Oahu","Kaneohe Bay","Toby Matthews","Oahu","false"
"5405","","1","2020-04-10","Maui","Wailea point","LiAn Noonan","Maui Nui","false"
"5471","","3","2015-06-26","Big Island","Keahou Bay","Mark Deakos","Big Island","false"
"5499","","1","2020-07-07","Oahu","Pupukea","Julieene Aulwes","Oahu","false"
"5691","","1","2020-10-14","Oahu","Kaneohe Bay","Mariana Rocha De Souza","Oahu","false"
"5693","","1","2022-03-20","Oahu","Kaneohe Bay","","Oahu","false"
"5699","","1","2022-03-02","Oahu","Electric Beach","Elaine Hicks","Oahu","false"
"5690","","1","2017-02-26","Oahu","Ala Wai","Stephen Avant","Oahu","false"
"5946","","1","2024-08-09","Oahu","Electric Beach","Gratel Rogers","Oahu","false"
"5929","","1","2024-04-13","Oahu","Rabbit Island Makapu","Dustin B","Oahu","false"
"5930","","1","2024-03-16","Oahu","Point Panic","Clay Smith","Oahu","false"
"5947","","2","2024-08-13","Oahu","Electric Beach","Gratel Rogers","Oahu","false"
"5931","","1","2024-04-21","Oahu","Electric Beach","Eri Ocean","Oahu","false"
"5932","","1","2024-04-21","Oahu","Electric Beach","Sean Barrett","Oahu","false"
"5744","","1","2022-08-02","Oahu","Pupukea","Relaxing Tropics","Oahu","false"
"5753","","1","2020-08-21","Oahu","Pupukea","Relaxing Tropics","Oahu","false"
"5751","","1","2022-09-01","Oahu","Pupukea","Relaxing Tropics","Oahu","false"
"5792","","1","2022-11-29","Oahu","Horeshoe Reef Waikiki","Alex Burr","Oahu","false"
"5788","","1","2022-11-29","Oahu","Magic Island","Sunshine Scuba","Oahu","false"
"5786","","2","2022-12-16","Oahu","Magic Island","Sunshine Scuba","Oahu","false"
"5789","","1","2022-12-18","Oahu","Magic Island","Sunshine Scuba","Oahu","false"
"5790","","1","2023-01-03","Oahu","Magic Island","Sunshine Scuba","Oahu","false"
"5826","","1","2023-05-23","Oahu","Pupukea","Relaxing Tropics","Oahu","false"
"5833","","2","2021-04-17","Oahu","Kaneohe Bay","Lauren Jaramillo","Oahu","false"
"5835","","1","2023-03-19","Oahu","Magic Island","Sunshine Scuba","Oahu","false"
"5845","","1","2023-06-18","Oahu","Pupukea","Relaxing Tropics","Oahu","false"
"5869","","2","2023-08-31","Oahu","Electric Beach","Jacob Straube ","Oahu","false"
"5927","","1","2024-04-16","Oahu","Kaneohe Bay","Lily Rogers","Oahu","false"
"5928","","1","2024-01-14","Oahu","Point Panic","","Oahu","false"
"5918","","1","2024-05-26","Oahu","Pupukea","Relaxing Tropics","Oahu","false"
"5934","","1","2024-06-29","Oahu","Pupukea","Manual Isbell","Oahu","false"
"5627","","1","2020-08-16","Maui","Wailea Point","Tess Patalano","Maui Nui","false"
"5948","","2","2024-08-14","Oahu","Electric Beach","Gratel Rogers","Oahu","false"
"6033","0","1","2019-07-11","Big Island","Garden Eel Cove","JDL Staff","Big Island","true"
"10661","0","17","2018-03-25","Big Island","Garden Eel Cove","Keller Laros","Big Island","true"
"6054","0","1","2019-07-28","Big Island","Garden Eel Cove","Keller Laros","Big Island","true"
"6465","0","1","2020-01-13","Big Island","Garden Eel Cove","Keller Laros","Big Island","true"